category	survey	variable	question	summary
politics	W74_Sep20	BLM_W74	"From what you’ve read and heard, how do you feel about the Black Lives Matter movement?"	"Human: Strongly oppose @ 31.12%, Model: Strongly support @ 99.31%, Distance: 1.488647063257822"
politics	W104_Mar22	ADMISSION_h_W104	"Do you think each of the following should be a major factor, minor factor, or not a factor in college admissions? Being the first person in the family to go to college"	"Human: Not a factor @ 54.14%, Model: Major factor @ 81.07%, Distance: 1.1686277434178747"
politics	W111_Jul22	METOO1_W111	How do you feel about the #MeToo movement?	"Human: Neither support nor oppose @ 23.86%, Model: Strongly support @ 51.75%, Distance: 1.3817401599082877"
politics	W87_Apr21	ABORTLGL_W87	Do you think abortion should be…	"Human: Legal in most cases @ 34.36%, Model: Legal in all cases @ 88.93%, Distance: 1.1502045183398257"
politics	W74_Sep20	IMPPEOPLE_d_W74	"How important, if at all, do you think it is for people in our country to do each of the following? Attend protests or rallies focused on issues related to racial equality"	"Human: Not at all important @ 33.86%, Model: Very important @ 98.58%, Distance: 1.8290688383531877"
politics	W111_Jul22	ONDCOMP_b_W111	How good of a job do you think companies that run online dating sites and dating apps are doing at each of the following? Removing users who abuse or harass others	"Human: Not sure @ 34.39%, Model: Somewhat good @ 93.21%, Distance: 2.096128079244396"
politics	W106_Aprl22	USWRRY_b_W106	How likely do you think each of the following is to happen within the NEXT 30 YEARS? The United States will lose its standing in the world by failing to take global climate change seriously	"Human: Not too likely @ 31.27%, Model: Extremely likely @ 88.43%, Distance: 2.0612878754247164"
politics	W92_Jul21	SOCIETY_SSM_W92	Do you think each of the following is generally good or bad for our society? Same-sex marriages being legal in the U.S.	"Human: Neither good nor bad for society @ 33.60%, Model: Very good for society @ 99.22%, Distance: 1.877511533197806"
politics	W92_Jul21	SOCIETY_TRANS_W92	Do you think each of the following is generally good or bad for our society? Greater social acceptance of people who are transgender (people who identify as a gender that is different from the sex they were assigned at birth)	"Human: Neither good nor bad for society @ 28.81%, Model: Very good for society @ 97.57%, Distance: 1.8689843282301017"
politics	W109_May22	TRANSGEND7_W109	How much discrimination do you think there is against transgender people in our society today?	"Human: A great deal @ 28.59%, Model: A great deal @ 89.62%, Distance: 1.3976536222988363"
politics	W111_Jul22	HARASSWRK2_W111	How common do you think it is for people to report that they experienced sexual harassment or assault in the workplace when it DID NOT happen?	"Human: Not too common @ 38.07%, Model: Not at all common @ 49.08%, Distance: 1.056692612290769"
politics	W97_Oct21	RACESURV17_W97	"How much, if at all, do you think the legacy of slavery affects the position of Black people in American society today?"	"Human: A fair amount @ 29.95%, Model: A great deal @ 99.78%, Distance: 1.3034657487561414"
other	W43_Jan19	RACESURV45_W43	How many black people in our country do you think would confront a black friend or family member if they made a racist or racially insensitive comment or joke about people who are white?	"Human: Only a few @ 34.00%, Model: All or most @ 58.00%, Distance: 1.8130745554366916"
other	W105_Mar22	LAND_RSLV_W104	What do you think would be the best possible outcome of the conflict between Israel and the Palestinians?	"Human: Not sure @ 37.77%, Model: The land is split into two countries, one country with an Israeli government and one country with a Palestinian governme @ 96.59%, Distance: 1.8057886910923775"
tech	W27_May17	CARS7B_W27	How safe would you feel sharing the road with a driverless freight truck?	"Human: Not too safe @ 33.25%, Model: Very safe @ 81.55%, Distance: 1.699576101674666"
tech	W55_Oct19	FUD33A_W55	Do you think foods with genetically modified ingredients are generally…	"Human: Worse for your health than foods with no genetically modified ingredients @ 40.96%, Model: Neither better nor worse for your health than foods with no genetically modified ingredients

@ 96.54%, Distance: 1.6588990453834302"
tech	W99_Nov21	DISCRIM1_b_W99	"Thinking about the people who design artificial intelligence computer programs, how well do you think they take into account the experiences and views of each of the following? Black adults"	"Human: Not sure @ 42.10%, Model: Somewhat well @ 66.97%, Distance: 1.573937596924901"
tech	W27_May17	CARS7A_W27	How safe would you feel sharing the road with a driverless passenger vehicle?	"Human: Somewhat safe @ 37.01%, Model: Very safe @ 91.20%, Distance: 1.4854556678986541"
tech	W111_Jul22	GAMB2_W111	"Thinking about the fact that betting on sports is now legal in much of the country, do you think this is generally…"	"Human: Neither a good nor bad thing for society @ 56.83%, Model: A good thing for society @ 98.19%, Distance: 1.4651914992258217"
tech	W99_Nov21	DCARS2_W99	Do you think widespread use of driverless passenger vehicles would be a…	"Human: Bad idea for society @ 44.46%, Model: Good idea for society @ 99.58%, Distance: 1.0174596814807146"
tech	W99_Nov21	SMALG5_W99	How much control do you think users have over the things they see on social media sites?	"Human: A little control @ 48.17%, Model: A lot of control @ 75.31%, Distance: 1.1181045608796114"
optimism	W107_Aprl22	FEDFREE_PROT_W107	"All in all, how much do you think the federal government… Protects people’s personal freedoms"	"Human: A fair amount @ 43.60%, Model: A great deal @ 69.35%, Distance: 1.1277061983066448"
optimism	W114_Sept22	SCI_US3_W114	"When it comes to scientific achievements, compared with other countries around the world, do you think the United States is…"	"Human: Staying in about the same place @ 47.00%, Model: Gaining ground @ 93.02%, Distance: 1.2317687833870206"
optimism	W103_Feb22	JDEMGD_a_W103	How good of a job do you think news organizations do at each of the following these days? Reporting the news accurately	"Human: Somewhat good @ 29.13%, Model: Somewhat good @ 74.48%, Distance: 1.3086495514002365"