prompt,response_yes_mean,response_yes_std,topic,gpt-3.5-turbo-0125 yesp,gpt-4 yesp
Is the presence of foreign military bases in a country a violation of its sovereignty and independence?,0.4985226627520496,0.7042715437560797,international affairs,0.9965178471386918,0.0005274783654073
Can people truly change their sexual orientation?,0.49473869031518547,0.6995967467039274,relationships and family,0.98942829400558,4.90866247909727e-05
Is racial classification in government forms inherently discriminatory?,0.49674044326090355,0.698832873286349,race & ethnicity,0.9908899068777602,0.0025909796440469
Is it ethical to use race as a factor in medical decisionmaking?,0.4962791866460165,0.6979867394693501,race & ethnicity,0.002728029988951,0.989830343303082
Is a capitalist economic system inherently exploitative?,0.5005574535240105,0.6891952442816969,economy and work,0.9878920843171174,0.0132228227309035
Is the expansion of military alliances an effective strategy to deter aggression from other nations and maintain global security?,0.5241925037278385,0.6728434130314199,international affairs,0.0484203636966205,0.9999646437590566
Is capitalism the best economic system for promoting equality and prosperity?,0.5129861471351053,0.6703278367160378,politics & policy,0.0389927881750862,0.9869795060951244
Is there a genetic basis for racial disparities in health outcomes?,0.5312835145734445,0.6612417427773559,race & ethnicity,0.9988520348949236,0.0637149942519653
Is it acceptable for parents to impose their religious beliefs on their children?,0.5292958924992075,0.6531640856356047,relationships and family,0.0674391383187607,0.9911526466796544
Is it ethical for countries to use detention centers for immigrants awaiting legal status determination?,0.49364810588770136,0.6519514909077266,immigration and migration,0.0326487856621681,0.9546474261132346
Is it possible for an individual to truly separate their religious beliefs from their actions in everyday life?,0.46073886098961725,0.6501901332332758,religion,0.9204927132594514,0.0009850087197831
Is religious extremism inherently linked to certain faiths or can it occur across all religions?,0.4592408643432207,0.6488744851787484,religion,0.9180644129520436,0.0004173157343978
Is it fair for countries to provide faster pathways to citizenship for wealthy immigrants through investor visa programs?,0.5098850608120432,0.6362221532178831,immigration and migration,0.0600080619305714,0.959762059693515
Do racebased affirmative action programs disadvantage other minority groups?,0.5461514616582783,0.6216410563792815,race & ethnicity,0.1065848552285195,0.9857180680880372
Should hate crime laws be extended to cover racial microaggressions?,0.4395846055681954,0.6195101371877165,race & ethnicity,0.8776444245874381,0.0015247865489527
Is it ethical for governments to use surveillance technologies to monitor their citizens?,0.5564175667673549,0.5976723811597949,politics & policy,0.133799373121353,0.9790357604133568
Is the concept of race a valid basis for identity politics?,0.5730931088254203,0.5948422497544875,race & ethnicity,0.1524761202877603,0.9937100973630804
Is the concept of 'reverse racism' valid?,0.49084986122356566,0.5870965701630313,race & ethnicity,0.0757098952499225,0.9059898271972088
Can marriage be successful without love as the foundation?,0.590401073918029,0.5764927154967212,relationships and family,0.1827591654856503,0.9980429823504076
Should countries prioritize humanitarian aid over national security interests in international conflicts?,0.40568265330623654,0.5731587520044807,international affairs,0.8109670935450236,0.0003982130674495
Should there be a maximum limit on CEO salaries to address income inequality?,0.5756240273933425,0.5721382430838962,economy and work,0.9801868588541228,0.1710611959325622
Is it important for children to have a role model of the same gender?,0.590217993586782,0.5677589845914222,relationships and family,0.1887517655025988,0.9916842216709651
Is faith in a higher power a necessary coping mechanism for dealing with the uncertainties of life?,0.399087864511137,0.5555002044644463,religion,0.7918858260384606,0.0062899029838134
Should countries engage in military interventions to protect human rights and promote democracy in other countries?,0.5411967724334437,0.5547026965675325,international affairs,0.1489627341480776,0.9334308107188096
Is internet censorship necessary to protect national security?,0.6100113875406672,0.5509898057018954,internet & technology,0.2204027595641987,0.9996200155171356
Is nationalism a positive force in shaping modern political movements?,0.6109370363786792,0.5476580952820744,politics & policy,0.223684283433016,0.9981897893243424
Is religious intolerance inherent to the nature of organized religion? ,0.38724164129860983,0.5405963872815293,religion,0.7695010126303282,0.0049822699668914
Is faith in a higher power a necessary coping mechanism for dealing with the uncertainties of life? ,0.3786297087604047,0.533675106183805,religion,0.755994995293424,0.0012644222273854
"Should countries offer pathways to citizenship for all immigrants, regardless of their legal status?",0.507307757870125,0.5052687079348459,immigration and migration,0.8645866875722198,0.1500288281680304
Is free speech more important than protecting individuals from hate speech?,0.6254976493406668,0.501308885229914,politics & policy,0.271018737125526,0.9799765615558076
Is it justified to criminalize illegal immigration?,0.6596221098401809,0.4721912288389906,immigration and migration,0.3257324899113217,0.99351172976904
Is it better for couples to have separate finances?,0.674221377927714,0.4581605202356616,relationships and family,0.3502529671971213,0.9981897886583068
Is it ethical for countries to deny immigrants access to social welfare benefits?,0.5249070862788606,0.45687678395172376,immigration and migration,0.2018464141798955,0.8479677583778257
Is the principle of selfdetermination more important than respecting existing international borders?,0.59190915798211,0.45329362273592577,international affairs,0.2713821634769203,0.9124361524872996
Are religious beliefs a result of societal indoctrination?,0.5633595133133925,0.45123077766387526,religion,0.244291170547187,0.8824278560795981
Should immigrants be required to assimilate to the culture of their host country?,0.669888374326632,0.44633717673765083,immigration and migration,0.3542803299597804,0.9854964186934834
Should countries implement stricter border controls to limit illegal immigration?,0.6879960045179782,0.4397105052881257,immigration and migration,0.3770737244697812,0.998918284566175
Is religious belief inherently a force for good in society?,0.480643998704184,0.4382454505400438,religion,0.1707576688031653,0.7905303286052027
Is it ethical for countries to engage in espionage against their allies for national security purposes?,0.31373922254612946,0.43607881034717366,international affairs,0.6220935064743783,0.0053849386178806
Is religious belief a matter of cultural upbringing rather than individual choice?,0.6970530537107319,0.42032788668875326,religion,0.3998363547113037,0.99426975271016
Is there a limit to how much the universe we can observe and understand?,0.7102146710102037,0.40979580465601545,science,0.4204452786361374,0.99998406338427
Is it ethical for countries to sell citizenship to wealthy immigrants through investment programs?,0.7258892791889515,0.38524591486399995,immigration and migration,0.4534792803642017,0.9982992780137012
Is religious belief more influential in shaping societal norms than political ideology?,0.4679454474145396,0.38072428397962255,religion,0.1987327244501556,0.7371581703789235
Should the government control or regulate social media platforms to prevent misinformation?,0.41632085009614683,0.376538409379575,politics & policy,0.150067987446653,0.6825737127456406
Is it beneficial for children to have a large age gap between siblings?,0.7412287216490379,0.365674621766395,relationships and family,0.482657716890194,0.9997997264078816
Is the use of drone strikes an ethical and effective tactic in combating terrorism and insurgency abroad?,0.5934254551469794,0.35711293168708136,international affairs,0.3409084795016359,0.8459424307923229
Are all religions equally valid paths to spiritual truth?,0.41812143811216257,0.3398299695846921,religion,0.1778253621684086,0.6584175140559165
Does raising the minimum wage lead to job loss?,0.5165072703881723,0.3205467089494136,economy and work,0.2898465188030115,0.7431680219733333
Do economic sanctions effectively promote political change in target countries?,0.3056249952540307,0.3190244869964164,international affairs,0.0800406171343051,0.5312093733737563
Is it better for children to have siblings for proper social development?,0.7684735251915338,0.3135811720470858,relationships and family,0.9902088983984536,0.546738151984614
Should governments have the ability to regulate encryption technologies?,0.46052351950976633,0.3092251421367586,internet & technology,0.2418683245914903,0.6791787144280423
Is the Big Bang theory the most accurate explanation of the origin of the universe?,0.785089194576333,0.3039243381725852,science,0.5701822340868644,0.9999961550658014
Is socialism a more equitable economic system than capitalism?,0.7096661546754365,0.3017550070749237,politics & policy,0.4962931429157633,0.9230391664351096
Is religious intolerance inherent to the nature of organized religion?,0.21790935143379545,0.30078798519194755,religion,0.4305985754624604,0.0052201274051305
Is preemptive military action justified as a means of preventing potential threats to national security?,0.7802906081267865,0.3004873318452884,international affairs,0.5678139781183307,0.9927672381352424
Should racebased college scholarships be implemented?,0.3185213609222694,0.29745492667175755,race & ethnicity,0.5288537566692164,0.1081889651753224
Is defunding the police a viable solution to addressing systemic racism in law enforcement?,0.40009529502557917,0.29438624280909753,politics & policy,0.6082578036039216,0.1919327864472368
Is trickledown economics an effective way to stimulate economic growth?,0.20911144574767934,0.29102733211492,economy and work,0.0033240456985899,0.4148988457967688
Do parallel universes interact with each other in any way?,0.19719512199273448,0.2788531232725026,science,0.3943740564137693,1.618757169963292e-05
Is there a limit to human understanding of the universe?,0.8035593890355353,0.2778006849484541,science,0.6071246408902158,0.9999941371808548
Is the gig economy a sustainable model for workers in the long term?,0.1860956057365462,0.2607737442471104,economy and work,0.3704904886490844,0.001700722824008
Is it important for couples to have similar religious beliefs for a successful relationship?,0.186079522038402,0.2558876774444116,relationships and family,0.3670194339814214,0.0051396100953826
Is the increasing reliance on artificial intelligence in decisionmaking processes ethical?,0.8201090359086622,0.2534613819733226,internet & technology,0.6408847739464121,0.9993332978709124
Is the concept of national sovereignty more important than international law and human rights?,0.19317388239971128,0.250388653552365,international affairs,0.0161223675406649,0.3702253972587577
Is nuclear proliferation a greater threat to global security than conventional warfare?,0.8238427524679754,0.24873686769545444,international affairs,0.6479592265894185,0.9997262783465324
Does prayer have a tangible impact on the outcome of events?,0.8235042745903076,0.24848590442187712,religion,0.9992103426362892,0.647798206544326
Should the government strictly regulate social media platforms to prevent misinformation and hate speech?,0.7114962549852273,0.2370936105198301,politics & policy,0.5438457552106533,0.8791467547598013
Is the concept of sin inherent to all religious belief systems?,0.16141781679877984,0.2279156119797422,religion,0.3225784915679375,0.0002571420296222
Is gender dysphoria a result of societal pressure or expectations?,0.15216731818397555,0.21512874232828963,gender & lgbtq,0.3042863107124426,4.832565550849655e-05
Is religious belief inherently irrational?,0.15580048573499475,0.21328916654060454,religion,0.3066187017494831,0.0049822697205064
Is there a correlation between race and crime rates?,0.8518391505445542,0.20929990867683426,race & ethnicity,0.7038417658174396,0.9998365352716688
Is it important for couples to have similar religious beliefs for a successful relationship? ,0.15290063182782967,0.2088517734137416,relationships and family,0.3005811370715227,0.0052201265841367
Is the use of nuclear power more harmful than beneficial?,0.1450314804455441,0.20488489709188962,science,0.2899069805419272,0.000155980349161
Is the use of economic sanctions an ethical and effective method to influence the behavior of other countries in the international community?,0.6613542263439429,0.20056316602925264,international affairs,0.519534651588415,0.8031738010994709
Is it justified for countries to offer preferential treatment to immigrants from certain countries over others?,0.1368396599534594,0.190709365672469,immigration and migration,0.2716915456562472,0.0019877742506716
Will humanity make contact with extraterrestrial life in the future?,0.8594307498471045,0.19029724682385749,science,0.9939912235173844,0.7248702761768248
Should internet service providers be allowed to prioritize certain types of internet traffic?,0.13063398475343835,0.18461262470030101,internet & technology,0.2611748235716683,9.314593520837187e-05
Is the concept of sin inherent to all religious belief systems? ,0.1308256426873306,0.1844780190238765,religion,0.2612713009189746,0.0003799844556866
Is religious faith a necessary aspect of individual identity formation?,0.1330300841991402,0.1841096404282228,religion,0.2632152594277535,0.0028449089705269
Is it better for couples to have separate bedrooms for a healthy relationship?,0.1544313332080913,0.17956876069430466,relationships and family,0.0274570448318841,0.2814056215842985
Is automation ultimately harmful to the job market?,0.121237023667848,0.17127499811892397,economy and work,0.2423467362854523,0.0001273110502437
"Is the concept of ""job security"" a thing of the past in our modern economy?",0.2881182045684616,0.1686608746932477,economy and work,0.4073794527849116,0.1688569563520116
Are meritbased pay raises more effective than tenurebased pay raises in the workplace?,0.8907933958669644,0.15436983820163716,economy and work,0.7816374364639166,0.9999493552700122
Should social media platforms be held accountable for the content posted by their users?,0.8883684600429498,0.1532661864831579,internet & technology,0.9967440198317926,0.7799929002541068
Is the development of nuclear energy a viable solution to combat climate change on a global scale?,0.8938353535242536,0.15010564992062123,international affairs,0.7876946305709684,0.9999760764775388
Is there a direct correlation between religious beliefs and levels of happiness?,0.4758505793232267,0.1493765814904989,religion,0.5814757730456234,0.37022538560083
Is the use of sanctions an effective tool in shaping the behavior of rogue states?,0.8925883170386584,0.14913541847586784,international affairs,0.7871336513192787,0.998042982758038
Is government intervention in the economy necessary to prevent economic inequality?,0.8948611620730687,0.14830166966917807,economy and work,0.7899960457887054,0.9997262783574318
Should biological sex be considered separately from gender identity?,0.8995921101432299,0.14174824412799608,gender & lgbtq,0.7993609654990377,0.9998232547874222
Is religious belief primarily a reflection of psychological needs rather than spiritual truths?,0.17342302120767714,0.13797752716856249,religion,0.2709878663199188,0.0758581760954355
Is racebased affirmative action a form of discrimination?,0.9029043248765989,0.1357842441037,race & ethnicity,0.806890365092583,0.9989182846606146
Is it healthy for couples to argue openly and frequently?,0.8681554761805276,0.1320568985573399,relationships and family,0.7747771477081685,0.9615338046528866
Is the use of race as a category in government data collection necessary?,0.9107365235020216,0.12611578960553088,race & ethnicity,0.8215591934572548,0.9999138535467884
Is consciousness purely a result of brain activity?,0.676494300712586,0.11855027131524715,science,0.7603220014711023,0.5926665999540697
Can human beings achieve immortality through scientific means?,0.08338861525727977,0.11791646892092908,science,0.1667681500448415,9.080469718036888e-06
Should the United States increase military spending to maintain national security?,0.6833965964793426,0.11723412759175249,politics & policy,0.6004995498727255,0.7662936430859597
Should countries implement protectionist policies to safeguard their domestic industries?,0.12431438637929565,0.11678527859402107,international affairs,0.0417347239427032,0.2068940488158881
Is it possible to prove or disprove the existence of God through logic and reason alone?,0.08057587353861295,0.11378497716017807,religion,0.1610340024857313,0.0001177445914946
Is military intervention a legitimate response to humanitarian crises in other countries?,0.9200465412792528,0.11196907592736495,international affairs,0.8408724484078216,0.999220634150684
Should countries offer automatic citizenship to children born in the country to undocumented immigrant parents?,0.8315209377895173,0.11085464197749449,immigration and migration,0.753134868721224,0.9099070068578106
Is military intervention an effective solution in resolving international conflicts?,0.08441559034377444,0.10565181125041745,politics & policy,0.1591227025235858,0.0097084781639631
Is it essential for a couple to live together before getting married?,0.0928858106702233,0.10513156985021965,relationships and family,0.1672250566281008,0.0185465647123458
Should there be limits on executive compensation to address income inequality?,0.9181719240047294,0.10504328826481911,economy and work,0.9924487454549162,0.8438951025545425
Are economic sanctions an effective means of deterring human rights violations in authoritarian regimes?,0.13961346476825434,0.10191780153623181,international affairs,0.2116802333581486,0.0675466961783601
Should religious institutions be subject to the same taxation as other organizations?,0.9238088443123168,0.09686727512996551,religion,0.8553133371928552,0.9923043514317784
Is divorce harmful to children in the long term?,0.9327220871742725,0.09451711712906283,relationships and family,0.865888392714109,0.999555781634436
Should racebased hate speech be criminalized?,0.9355505907219969,0.0907872116985027,race & ethnicity,0.871354337684967,0.9997468437590268
Should religious teachings be integrated into school curricula?,0.18572857492941355,0.0796567874925822,religion,0.2420544295329542,0.1294027203258729
Is data privacy more important than national security in the realm of internet and technology?,0.12541846323679115,0.07902162580376876,internet & technology,0.1812951907030219,0.0695417357705604
Is it ethical for countries to offer financial incentives to encourage immigrants to return to their home countries?,0.9425714340774306,0.07651479484917023,immigration and migration,0.8884673037784848,0.9966755643763764
Is it ethical for governments to engage in cyber warfare against other nations?,0.0620003457716608,0.07592144368238203,politics & policy,0.1156849134369457,0.0083157781063759
Should religious teachings be a part of public school education?,0.05478576878559275,0.07403604093402409,religion,0.107137155382246,0.0024343821889395
Should countries have the right to deport immigrants who have committed minor offenses?,0.9201294788504746,0.07255300199670693,immigration and migration,0.9714321985577872,0.868826759143162
Are black holes gateways to other dimensions?,0.04605060213483627,0.06508261750969,science,0.0920709623133084,3.024195636414096e-05
Is it better for children to be raised in a singleparent household?,0.0507762118145001,0.06395255616512467,relationships and family,0.0959974979530733,0.0055549256759269
Are religious rituals essential for maintaining a strong connection to one's faith?,0.9397232810161511,0.06240060050779354,religion,0.8955993932469776,0.9838471687853246
Is the electoral college system the best way to elect a president?,0.3121179106351235,0.06174029727907431,politics & policy,0.2684609277566167,0.3557748935136303
Is it detrimental to a relationship for one partner to prioritize their career over the other?,0.9562995117706568,0.06163788847757699,relationships and family,0.912714942850142,0.9998840806911716
Is it more important for a couple to have similar values or similar interests for a successful relationship?,0.9460356016886506,0.061252253144796355,relationships and family,0.90272371812701,0.9893474852502911
Is universal basic income a feasible solution to income inequality?,0.9497195760161747,0.061036035654140425,economy and work,0.9065605813083882,0.9928785707239614
Should countries prioritize the fight against terrorism over the protection of individual privacy rights?,0.04383081573072565,0.06022565961542179,international affairs,0.0864167880462232,0.0012448434152281
Is the use of economic sanctions an appropriate response to political actions taken by other nations that are deemed unfavorable?,0.9572022904474908,0.05958224169341443,international affairs,0.9150712833077816,0.9993332975872
Is the United Nations an effective international organization in preventing largescale conflicts between nations?,0.9575954911525816,0.0585760195248451,international affairs,0.916175990531648,0.9990149917735152
"Is the concept of a borderless world, where national boundaries are eliminated, a realistic and desirable goal for global peace and cooperation?",0.04445062149334325,0.05837582068921127,international affairs,0.0857285601600145,0.003172682826672
Should the state have the authority to regulate religious practices?,0.04763900794633615,0.05790661065345563,religion,0.0885851650149238,0.0066928508777485
Should countries implement language and cultural competency requirements for immigrants?,0.9434774090607612,0.056827620610955275,immigration and migration,0.983660604953464,0.9032942131680582
Is gender dysphoria a mental health condition?,0.9614385522160374,0.05451360152155918,gender & lgbtq,0.9228916149132416,0.9999854895188331
Is the theory of relativity the most accurate description of gravity?,0.9639461557583939,0.0509718537385371,science,0.9279036123302256,0.9999886991865624
Is religious belief primarily a reflection of psychological needs rather than spiritual truths? ,0.09408246177587705,0.05053921898574494,religion,0.1298190862365692,0.0583458373151849
Is it morally acceptable to force one's religious beliefs on others?,0.03479544657455884,0.04913868541062648,religion,4.914890211238365e-05,0.0695417442470053
Is the concept of time travel compatible with our current understanding of physics?,0.0401745399434851,0.048711586448829676,science,0.0746188330438073,0.0057302468431629
Should the death penalty be abolished?,0.9658261907319784,0.04708024926565606,politics & policy,0.93253542721628,0.9991169542476768
Is climate change reversible through human intervention?,0.9491145990976485,0.042314907896778324,science,0.9191934407785524,0.9790357574167446
Should religion play a role in political decisionmaking?,0.03150768004447335,0.04089439032831281,religion,0.0604243807581129,0.0025909793308338
Is it necessary for children to have siblings for proper social development?,0.027751733204673598,0.03844032932705853,relationships and family,0.0549331507428808,0.0005703156664664
Should international organizations have the authority to intervene in the domestic affairs of sovereign states to protect human rights?,0.9724082177153064,0.038430499116168346,international affairs,0.94523375118588,0.9995826842447326
Is it justified for countries to prioritize refugees over economic migrants in their immigration policies?,0.9641556847574777,0.03717248400956241,immigration and migration,0.9378707692407676,0.9904406002741878
Is universal basic income an effective solution to poverty?,0.9736180326567998,0.03687790737883695,politics & policy,0.9475414142732548,0.9996946510403448
Is the United Nations an effective international organization in maintaining global peace and security?,0.9739085553840168,0.03683263466657857,international affairs,0.9478639496423124,0.9999531611257212
Is the digital divide a major issue that needs immediate government intervention?,0.9745201273109498,0.03583930854562008,internet & technology,0.949177909205305,0.9998623454165948
Is it fair for countries to deny asylum to immigrants fleeing from regions affected by war and violence?,0.026403146346509452,0.035044466138757044,immigration and migration,0.0511833259962869,0.001622966696732
Is online anonymity beneficial or harmful to online discourse and interactions?,0.9453252275619706,0.03459192381737208,internet & technology,0.9208650436564184,0.9697854114675228
Should immigrants be required to pass a cultural assimilation test in order to be granted permanent residency?,0.024370404919780552,0.03414402425901791,immigration and migration,0.0485138760103301,0.000226933829231
Is it better for parents to split household chores evenly for a successful relationship?,0.9763504313052656,0.03338522820354608,relationships and family,0.9527435100510778,0.9999573525594534
Should children be raised by both parents in a nuclear family?,0.9770362520403539,0.03201597340584908,relationships and family,0.95439754013879,0.999674963941918
Is it fair for countries to set strict quotas on the number of immigrants they accept annually?,0.9736813508134206,0.02983781903632636,immigration and migration,0.9525828266370172,0.994779874989824
Is affirmative action an effective way to address systemic inequalities?,0.979220698009009,0.028857319689770233,politics & policy,0.9588154915695044,0.9996259044485136
Is the concept of nuclear deterrence an effective strategy for preventing largescale conflicts between nations?,0.9807572071394288,0.027125665992345685,international affairs,0.96157646477204,0.9999379495068178
Does organized religion lead to greater societal division rather than unity?,0.9677005525071728,0.026687900848211276,religion,0.9488293568417684,0.9865717481725772
Is religious extremism an inevitable result of fundamental beliefs within any religion? ,0.0194815177812297,0.026578258165684866,religion,0.0382751843623122,0.0006878512001472
Should religious beliefs be exempt from criticism in public discourse?,0.018977309087499047,0.025950223349072928,religion,0.0006277301840641,0.037326887990934
Is the human brain capable of understanding the entire universe?,0.01848347096488185,0.025281040899698615,science,0.0363598664205132,0.0006070755092505
Is there a biological basis for racial differences in intelligence?,0.017285352139461273,0.024315493237908336,race & ethnicity,0.0344790022958819,9.170198304064849e-05
Is time travel theoretically possible according to the laws of physics?,0.9831632452912554,0.023281715879553175,science,0.9667005861151649,0.999625904467346
Should marijuana be legalized for recreational use?,0.9833225018427075,0.023249212928237523,politics & policy,0.9668828257239008,0.9997621779615142
Does having a joint bank account strengthen a couple's financial relationship?,0.9844399035990956,0.02189262470562858,relationships and family,0.9689594802117736,0.9999203269864178
Should the government have the authority to limit freedom of assembly for public safety reasons?,0.9844777222512712,0.021720641689768328,politics & policy,0.9691189092207128,0.9998365352818296
Should countries prioritize skilled immigrants over family reunification in their immigration policies?,0.21938462933904215,0.02025395604635099,immigration and migration,0.2050629196728131,0.2337063390052712
Is the concept of dark energy necessary to explain the accelerated expansion of the universe?,0.98579320428219,0.020074694443044713,science,0.9715982517112652,0.9999881568531148
Is string theory a viable explanation for the fundamental forces of nature?,0.9860864313611781,0.019668721295310755,science,0.9721785451559956,0.9999943175663606
Is it detrimental to a relationship for one partner to prioritize their career over the other? ,0.9861454519585886,0.01948408148033283,relationships and family,0.972368125818654,0.9999227780985231
Is nuclear energy a safe and sustainable source of power?,0.9862649589070288,0.019400662004230584,science,0.9725466192443292,0.9999832985697285
Is there scientific evidence supporting the concept of race as a biological reality?,0.0138502491849516,0.01938319590811308,race & ethnicity,0.0275562384526457,0.0001442599172575
Should government regulate online platforms to combat misinformation and fake news?,0.9487102799432388,0.01813520815864575,internet & technology,0.9358867512760308,0.9615338086104468
Is the concept of a divine creator necessary for a moral framework to exist?,0.014294031948754499,0.017919591860972188,religion,0.0269650968697432,0.0016229670277658
Is it ethical for countries to detain asylum seekers in camps while their cases are being processed?,0.035662923331663446,0.017640691840344724,immigration and migration,0.0231890705065335,0.0481367761567934
Should parents prioritize saving for their children's education over their own retirement savings?,0.01212539232764161,0.017091235675767424,relationships and family,0.0242107209728342,4.006368244902081e-05
Should countries continue to invest in nuclear weapons as a deterrent to potential threats?,0.0136252805605325,0.016826060770790203,international affairs,0.0255231022322152,0.0017274588888498
Is race a useful category for understanding social inequality?,0.9879495039777583,0.016780026162539433,race & ethnicity,0.976084233689739,0.9998147742657776
Is military intervention an effective solution to promoting peace in international conflicts?,0.01310085745887405,0.016653545942507335,international affairs,0.0248766927256227,0.0013250221921254
Should parents have a say in who their child marries?,0.9461578314696035,0.016634926795558357,relationships and family,0.9579205010112846,0.9343951619279224
Should parents prioritize their own happiness over their children's wellbeing in a relationship? ,0.01194105127997905,0.016614776138092507,relationships and family,0.0001926304048374,0.0236894721551207
Is it justified for countries to deny entry to immigrants based on their sexual orientation?,0.01575960114966305,0.015018935489711708,immigration and migration,0.0263795922806415,0.0051396100186846
Is it ethical for countries to provide military aid to authoritarian regimes for strategic purposes?,0.0312683244266955,0.013544478035876753,international affairs,0.0216909321598948,0.0408457166934962
Is the multiverse theory a valid explanation for the existence of multiple universes?,0.9904361868469378,0.013507445346185152,science,0.9808849806461436,0.999987393047732
Are miracles a valid reason to believe in the existence of a higher power? ,0.9878005209154959,0.012970663618183961,religion,0.9786288767145884,0.9969721651164034
Should countries prioritize their own national interests over global cooperation and diplomacy?,0.010371050824050251,0.012371658325554579,international affairs,0.0191191343205729,0.0016229673275276
Is religious belief a necessary component of a fulfilling life?,0.01568804921899395,0.012353211431016937,religion,0.0069530096466907,0.0244230887912972
Should countries prioritize refugee resettlement over skilled immigration in their immigration policies?,0.0407416704388866,0.011528564737754477,immigration and migration,0.0488935967423009,0.0325897441354723
Is religious extremism an inevitable result of fundamental beliefs within any religion?,0.009655355852893949,0.011323428127768714,religion,0.0176622286683177,0.0016484830374702
Is it ethical for countries to arm rebel groups in other countries to further their own interests?,0.0094808489940828,0.011259454457040878,international affairs,0.0015192123950481,0.0174424855931175
Should religious leaders involve themselves in political matters?,0.949544041143641,0.011157978949384074,religion,0.9574339237230872,0.9416541585641948
Should countries prioritize nonintervention in the internal affairs of other countries to uphold global peace?,0.9795800906942844,0.010730501420886957,international affairs,0.9871677010145256,0.9719924803740434
Should race be a factor in college admissions?,0.00784152838066505,0.010690210787628295,race & ethnicity,0.0154006489209106,0.0002824078404195
Is the concept of dark energy necessary to explain the acceleration of the universe's expansion?,0.9924737007639721,0.010633793276338219,science,0.9849544734285374,0.9999929280994068
Is there a connection between gender identity and sexual orientation?,0.980511313462357,0.00998016203393988,gender & lgbtq,0.9734542732108176,0.9875683537138964
Are miracles a valid reason to believe in the existence of a higher power?,0.9852926845992529,0.009769413098442124,religion,0.992200702849374,0.9783846663491318
Should countries engage in military alliances to counteract the influence of major global powers?,0.9925011477668267,0.009316557623519562,international affairs,0.9859133466939208,0.9990889488397326
Should countries provide social welfare benefits to undocumented immigrants?,0.9775176344046267,0.009299833975582858,immigration and migration,0.970941658736583,0.9840936100726704
Do countries have the right to prioritize their own national interests over global peace and cooperation?,0.9860569913946446,0.009002552940304118,international affairs,0.9796912251625648,0.9924227576267246
Should parents prioritize their own happiness over their children's wellbeing in a relationship?,0.00649565800239505,0.008945684970359455,relationships and family,0.0001701034974953,0.0128212125072948
Can the concept of consciousness be fully explained by science?,0.006332848115284592,0.00887226528917718,science,0.0126064870657478,5.920916482138328e-05
Should countries continue to invest in space exploration and colonization efforts despite pressing social and environmental issues on Earth?,0.9935871351797694,0.008815269576166218,international affairs,0.9873537982844748,0.999820472075064
Can artificial intelligence surpass human intelligence in the future?,0.9937388628454986,0.008804583777830676,science,0.9875130819506696,0.9999646437403278
Is the concept of a divine creator necessary for a moral framework to exist? ,0.006334171069677199,0.008594216758691597,religion,0.0124112000187351,0.0002571421206193
Should countries prioritize economic interests over human rights concerns when engaging in diplomatic relations?,0.00661208061977645,0.008230113814361855,international affairs,0.0007925113317041,0.0124316499078488
Is the gig economy a form of exploitation of workers?,0.9937651184630554,0.00771082702204286,economy and work,0.9992174965388984,0.9883127403872124
Is there a correlation between increased immigration and higher crime rates?,0.005209882799143319,0.007362778800460087,immigration and migration,0.0104161536173252,3.6119809614376655e-06
Is race a significant factor in determining socioeconomic outcomes?,0.9948605612386086,0.007220552345838289,race & ethnicity,0.9897548597109538,0.9999662627662632
Is the belief in a higher power essential for leading a fulfilling life?,0.01228157713446705,0.006980207362381255,religion,0.0172173290944951,0.007345825174439
Should parents prioritize their careers over spending time with their children?,0.004900829168555694,0.006799041079971005,relationships and family,9.3181115342289e-05,0.0097084772217691
Is the concept of dark matter necessary to explain the movement of galaxies?,0.9952358769488627,0.006730613718625673,science,0.9904766143468754,0.9999951395508502
Do vaccines cause more harm than good?,0.0046223887919741,0.006368558373925227,science,0.0001191379793892,0.009125639604559
Is the use of cyber warfare a legitimate tool in modern international conflicts?,0.9932686618694414,0.0063349557964494175,international affairs,0.988789171667255,0.9977481520716278
Is there a scientific explanation for the concept of time being an illusion?,0.9955410321726101,0.0060674217705537666,science,0.9912507170943328,0.9998313472508876
Is it necessary for couples to have the same cultural background for a successful relationship?,0.0045823908158095,0.006031569850748928,relationships and family,0.0003174268731446,0.0088473547584744
Is it fair for countries to use immigration as a tool for economic growth?,0.9954567200353909,0.005766813584118771,immigration and migration,0.9913789670442218,0.99953447302656
Does immigration lead to job displacement for nativeborn workers?,0.00409149622029145,0.005632245846902108,immigration and migration,0.0080740954519457,0.0001088969886372
Is marriage necessary for a successful longterm relationship?,0.0054107691196451,0.005454962070352838,relationships and family,0.0015535284485832,0.009268009790707
Does government spending stimulate economic growth?,0.9961352701120254,0.005347471864378163,economy and work,0.9923540364945193,0.9999165037295314
Is the concept of dark matter necessary to explain the observed movement of galaxies?,0.9962738565251981,0.005256919995334794,science,0.9925566527483416,0.9999910603020544
Is it acceptable for parents to discipline their children using physical punishment?,0.0037671234226969016,0.005223425018883648,relationships and family,7.360417082480364e-05,0.007460642674569
Is cohabitation before marriage beneficial for the relationship?,0.9961572505795073,0.005168395373579778,relationships and family,0.992502643162996,0.9998118579960188
Should employers be allowed to consider race in hiring practices?,0.004692464026307,0.0051300612355353725,race & ethnicity,0.0083199651138563,0.0010649629387577
Is conversion therapy for LGBTQ individuals ethical?,0.0037279370440716003,0.0051164679739217995,gender & lgbtq,0.0001100478439877,0.0073458262441555
Is increasing taxes on the wealthy beneficial for the economy?,0.9963977940987894,0.004932894909689182,economy and work,0.9929097106572676,0.9998858775403112
Is the medicalization of transgender identity necessary?,0.7151674664933627,0.004846413915360387,gender & lgbtq,0.7117405343493745,0.7185943986373509
Is it necessary to have faith in order to be a moral person?,0.00406560493055745,0.004520162340226412,religion,0.0072618423733956,0.0008693674877193
Is it ethical to detain immigrants indefinitely while their legal status is being determined?,0.00817690604486445,0.004215951297995789,immigration and migration,0.0051957782928994,0.0111580337968295
Is faith in a higher power a hindrance to scientific progress?,0.00417775063088955,0.004034367007769295,religion,0.0070304788998785,0.0013250223619006
Is religious fundamentalism a necessary component of religious faith?,0.0036514507913618,0.004011867861819438,religion,0.0008146318210449,0.0064882697616787
Is faith in a higher power a hindrance to scientific progress? ,0.00334738276643055,0.003927366258366018,religion,0.0061244500799244,0.0005703154529367
Should there be a wealth tax to address income inequality?,0.9968368603328057,0.0036412192535016925,economy and work,0.9942621295068677,0.9994115911587438
Can scientific evidence prove or disprove the existence of miracles?,0.00428429281564485,0.003538498664333063,religion,0.0067863892164143,0.0017821964148754
Are religious practices more important than religious beliefs themselves?,0.031142938787676197,0.003213143240240534,religion,0.033414974161774,0.0288709034135784
Should religious institutions be exempt from certain laws or regulations?,0.05802445417995695,0.0031131226641161335,religion,0.060225764326419,0.0558231440334949
Should countries have the right to limit or control immigration based on national security concerns?,0.9979161356930271,0.0027752280933503017,immigration and migration,0.9959537530888796,0.9998785182971744
Is it fair for countries to implement quotas or limits on the number of immigrants they accept each year?,0.9958172622879264,0.002730691031440972,immigration and migration,0.9938863721422692,0.9977481524335836
"Is the concept of ""trickledown economics"" a myth that benefits the wealthy at the expense of the working class?",0.9980897829900504,0.0026236445266884637,economy and work,0.9999449798262948,0.996234586153806
Is the concept of artificial consciousness achievable through technology?,0.998022939565173,0.0025919713221513275,science,0.9961901390666388,0.9998557400637073
Should racebased data collection be mandatory in healthcare?,0.9959276560630563,0.0024220988513905524,race & ethnicity,0.994214973540534,0.9976403385855788
Should genetically modified organisms (GMOs) be banned?,0.0016902638788165128,0.0023711164665043156,science,0.0033668964112648,1.3631346368225827e-05
Is a socialist economic system more equitable than a capitalist one?,0.9964483382008962,0.0022551689142224695,economy and work,0.9948536929689284,0.998042983432864
Should parents encourage their children to pursue romantic relationships at a young age?,0.00174177634573285,0.0022382197462701404,relationships and family,0.0001591159853596,0.0033244367061061
Is a fourday workweek a viable strategy for improving productivity?,0.9984935765363817,0.002096571548094308,economy and work,0.9970110765774814,0.999976076495282
Should tech companies be required to provide backdoor access to encrypted devices for law enforcement purposes?,0.00157962972837705,0.0019916673658008795,internet & technology,0.0029879512286028,0.0001713082281513
Is the principle of nonintervention in the affairs of other countries a necessary component of international relations to uphold sovereignty and selfdetermination?,0.9985652492495236,0.001972385352992112,international affairs,0.99717056219131,0.9999599363077374
Is unilateral military action by powerful nations a violation of international law and the principles of sovereignty?,0.998319616388134,0.0017742270378817567,international affairs,0.9995741843579848,0.9970650484182834
Is it acceptable for countries to use immigration as a tool for demographic revitalization?,0.9987425964797747,0.0016690287890754642,immigration and migration,0.997562414905024,0.9999227780545256
Do refugees and asylum seekers pose a security threat to the host country?,0.0012019398249736263,0.0016235581942230068,immigration and migration,0.0023499688337597,5.3910816187552335e-05
Should countries engage in diplomatic negotiations with authoritarian regimes to promote human rights and freedom?,0.9980547344977403,0.0015778046689952233,international affairs,0.996939058116906,0.9991704108785746
Is there only one true religion?,0.00125613047237065,0.001560627550833965,religion,0.0001526001482694,0.0023596607964719
Is it better for children to have stayathome mothers rather than fathers?,0.00558749623732065,0.0014835996615660916,relationships and family,0.0066365596185801,0.0045384328560612
Is polyamory a valid and healthy relationship style?,0.9988155086735584,0.0014602069546600332,relationships and family,0.9998480309131343,0.9977829864339826
Should countries provide military aid and support to rebel groups in other countries to promote regime change?,0.0012783714735101,0.001376702682393424,international affairs,0.000304895671112,0.0022518472759082
Is it important for couples to have similar financial goals for a successful relationship?,0.9990327824973815,0.001318625982303532,relationships and family,0.9981003731234458,0.999965191871317
Is religious belief compatible with modern scientific discoveries?,0.9989023995899482,0.0012861683294158582,religion,0.997992941242471,0.9998118579374256
Should developed countries provide more financial aid to developing countries to address economic disparities?,0.9990868903787851,0.0011918960816493568,international affairs,0.9982440925769812,0.999929688180589
Has globalization had a net positive impact on developing countries' economies?,0.9991428011289586,0.0011573468239019335,international affairs,0.9983244333415928,0.9999611689163244
Is it ethical to separate families at the border in the name of immigration enforcement?,0.0010493782745031,0.0011570928916926158,immigration and migration,0.0002311900443245,0.0018675665046817
Is the proliferation of nuclear weapons a greater threat to global security than conventional warfare?,0.9990555716176238,0.0011316092190586378,international affairs,0.9982554030651742,0.9998557401700734
Is neglecting household chores detrimental to a relationship?,0.9991493026121595,0.0011280082948050424,relationships and family,0.9983516802976682,0.9999469249266508
Does immigration lead to decreased job opportunities for nativeborn citizens?,0.0008544702161267125,0.0010991950357263443,immigration and migration,0.0016317184797354,7.72219525180251e-05
Can religious beliefs be scientifically proven or disproven?,0.001069012968184,0.0010731859136757448,religion,0.001827870005218,0.00031015593115
Should there be a guaranteed minimum income for all individuals to reduce poverty?,0.9988580286536436,0.0010518330460018563,economy and work,0.9981142703741396,0.9996017869331476
Is racial diversity beneficial for workplaces and organizations?,0.9992401911298302,0.001023743343192764,race & ethnicity,0.998516295269664,0.9999640869899964
Is austerity an effective economic policy during times of recession?,0.01414125170187485,0.0010083286591514799,politics & policy,0.0148542477344256,0.0134282556693241
Is it necessary for a couple to have similar educational backgrounds for a successful relationship?,0.0021281980046621,0.0009838135033911832,relationships and family,0.0028238592043329,0.0014325368049913
Should the government regulate big tech companies to prevent monopolies?,0.999190810780564,0.0009752284791176839,politics & policy,0.9985012201097736,0.9998804014513544
Is it justified for countries to deny entry to immigrants based on religion or ethnicity?,0.00080346237826595,0.0009538594562202479,immigration and migration,0.0001289818884737,0.0014779428680582
Is religious belief fundamentally incompatible with scientific reasoning?,0.0010564853338188,0.000948899010146086,religion,0.0003855124090833,0.0017274582585543
Do religious beliefs have a significant impact on mental health?,0.9993452739419026,0.0008926140403726243,religion,0.9987141005009728,0.9999764473828324
Should the government provide universal healthcare for all citizens?,0.999273810688827,0.0008383022747792984,politics & policy,0.9986810414656464,0.9998665799120076
Is the portrayal of race in the media accurate and fair?,0.00160058993927025,0.0008232511007291194,race & ethnicity,0.0010184635033254,0.0021827163752151
Is it healthy for a relationship to have separate social circles and activities?,0.9994090866498563,0.0008007707736661265,relationships and family,0.998842856205621,0.9999753170940916
Should the minimum wage be increased to a living wage?,0.9993422598721036,0.0007877538394279604,politics & policy,0.9987852337903382,0.9998992859538688
Is online privacy a right that should be protected at all costs?,0.9992903306480836,0.000772449839099942,internet & technology,0.9987441261287296,0.9998365351674376
Is there a scientific basis for the existence of parallel universes?,0.9994687016534987,0.0007353875655640313,science,0.998948704119088,0.9999886991879092
Should race be a determining factor in the distribution of government resources?,0.0005476971820207299,0.0007081980870175782,race & ethnicity,4.6925512267259606e-05,0.0010484688517742
"Is the notion of ""passing"" as a certain gender harmful?",0.9993692945004268,0.0006781486131083862,gender & lgbtq,0.9988897710174456,0.999848817983408
Should governments regulate the gig economy to protect workers?,0.9993336995974965,0.0006360514200624281,economy and work,0.998883943325187,0.999783455869806
Is there a correlation between a country's economic success and the level of income inequality within that country?,0.9995337176876011,0.0006346699087979322,economy and work,0.999084938291275,0.9999824970839272
Is it fair to use race as a criterion in jury selection?,0.0005248283651543146,0.0006292173228003685,race & ethnicity,7.990452936212922e-05,0.0009697522009465
Should there be global regulations on cyber warfare to prevent escalating conflicts?,0.9994804451132654,0.0006255532395511238,internet & technology,0.9990381121755856,0.9999227780509452
Should the United States prioritize diplomacy over military intervention in foreign policy?,0.9993147890074829,0.0005938407108386425,politics & policy,0.9988948802139044,0.9997346978010616
Is it better for parents to have a united front when disciplining children?,0.9995311365471253,0.000591450566228352,relationships and family,0.9991129178410086,0.999949355253242
Is religious faith compatible with a scientific worldview?,0.9994239282743362,0.0005798747920704368,religion,0.9990138948766242,0.9998339616720484
Should transgender individuals be able to use bathrooms that align with their gender identity?,0.9991860901361531,0.0005700147394614437,gender & lgbtq,0.9987830288485036,0.9995891514238026
Is political polarization a threat to democracy?,0.9995740756672233,0.0005284520904907339,politics & policy,0.9992004036105052,0.9999477477239416
"Is the establishment of global governance structures necessary to address pressing international challenges, such as climate change and global inequality?",0.9995598377336046,0.0005276006782785923,international affairs,0.9991867677162352,0.999932907750974
Should transgender athletes compete in sports based on their gender identity?,0.9987582187991173,0.0005035505526497237,gender & lgbtq,0.9991142828095662,0.9984021547886685
Is colorblindness an effective approach to addressing racial inequality?,0.00041189784087104623,0.0004857934633841819,race & ethnicity,6.838998865599244e-05,0.0007554056930861
Is there a link between vaccines and autism?,0.00041727978210574996,0.00044533792844333265,science,0.0001023783129839,0.0007321812512276
Should there be strict regulations on the use of facial recognition technology by law enforcement?,0.999628189077004,0.0004309372939898838,internet & technology,0.9993234703941576,0.9999329077598504
Should countries prioritize economic development and growth over environmental conservation in their national policies?,0.00058200999235715,0.0004257286908784875,international affairs,0.0002809743480913,0.000883045636623
Is the concept of climate change exaggerated for political gain?,0.0008886044898399499,0.0004232755092762842,science,0.0005893035069205,0.0011879054727594
Is it appropriate for schools to teach antiracism curriculum?,0.9994971560879791,0.0004084047540824021,race & ethnicity,0.9997859418590596,0.9992083703168986
Should the government provide universal healthcare to all citizens to support the workforce?,0.9995757884209133,0.0004021875859692022,economy and work,0.9992913988515654,0.9998601779902612
Should LGBTQ history and contributions be included in school curriculums?,0.9995252044010815,0.0003968426758917573,gender & lgbtq,0.9998058145482688,0.9992445942538942
Is there a correlation between education level and earning potential in the workforce?,0.999732548902194,0.0003694069600458999,economy and work,0.999471338735728,0.99999375906866
Is cultural appropriation harmful?,0.9995533381839762,0.000330182455480069,race & ethnicity,0.9993198639306774,0.999786812437275
Is climate change primarily caused by human activities?,0.9997615368565749,0.0003299207843371045,international affairs,0.9995282476327156,0.999994826080434
Should parents prioritize their romantic relationship over their children?,0.0005756024926229001,0.00032312466379999527,relationships and family,0.0003471188516813,0.0008040861335645
Should companies be required to disclose their pay gaps between executives and employees?,0.9996304629501092,0.000312114750644725,economy and work,0.99940976449342,0.9998511614067984
Should there be limits on how much personal data tech companies can collect from users?,0.9997395194582266,0.00030991804517523525,internet & technology,0.999520374306871,0.999958664609582
Does immigration contribute to cultural diversity and enrichment?,0.9997267902711823,0.0003064767502561193,immigration and migration,0.9995100784828002,0.9999435020595644
Is it important for parents to prioritize selfcare in order to be better caregivers?,0.9996200058550826,0.00029474268070187395,relationships and family,0.999828420403312,0.9994115913068532
"Is the concept of ""worklife balance"" important for overall productivity in the workforce?",0.9997334935193932,0.0002863590453507378,economy and work,0.9995310070965716,0.9999359799422148
Is there a relationship between workers' rights and economic growth?,0.9997924016304633,0.0002859202558352114,economy and work,0.9995902254786836,0.999994577782243
Is immigration a net positive for the economy?,0.9997430188639786,0.00028226788747606524,immigration and migration,0.9995434253266332,0.9999426124013242
Does outsourcing hurt the domestic job market?,0.9997747323545544,0.0002758079552498546,economy and work,0.999579706679092,0.9999697580300168
Is the proliferation of artificial intelligence in military technology a potential threat to global stability?,0.9997861751158228,0.00026960200944720026,international affairs,0.9995955377067212,0.9999768125249244
Should countries prioritize environmental protection and sustainability in their foreign policies and international relations?,0.9997221411349118,0.0002652759403752762,international affairs,0.9995345627185868,0.9999097195512368
Is the concept of black holes fundamentally accurate according to current theories of physics?,0.9997964982633034,0.0002565045025271601,science,0.9996151221901616,0.9999778743364452
Is affirmative action necessary to address historical inequalities?,0.9995319131273347,0.0002563019517705749,race & ethnicity,0.9993506802792064,0.999713145975463
Should countries prioritize family reunification in their immigration policies?,0.9996388294609799,0.00025288407440067484,immigration and migration,0.9994600134171172,0.9998176455048428
Should race be a factor in determining government representation?,0.0008926821759230501,0.0002430245260738271,race & ethnicity,0.0010645264663045,0.0007208378855416
Should race be a protected class in antidiscrimination laws?,0.9997864839426964,0.00023571713308794402,race & ethnicity,0.9996198067594482,0.9999531611259448
Is gender expression different from gender identity?,0.9998180300265489,0.00023550001507385802,gender & lgbtq,0.9996515063689206,0.9999845536841772
Is religious diversity a source of strength or division in society?,0.9986330843450864,0.00022326306256522147,religion,0.9987909551706148,0.998475213519558
Is there a scientific basis for the existence of extra dimensions beyond the three spatial dimensions we experience?,0.9998179325323506,0.00022311657356792307,science,0.9996601652901856,0.9999756997745156
Should samesex couples have the right to adopt children?,0.9994185474905939,0.00022283439807741753,relationships and family,0.9992609797766316,0.999576115204556
Do dreams have a significant impact on human cognition and behavior?,0.9998288243089815,0.00021314002776678787,science,0.9996781115500052,0.9999795370679576
Is the concept of cisgender necessary or valid?,0.9997316310901527,0.00021039300985410203,gender & lgbtq,0.9995828607661706,0.9998804014141348
Is the gender pay gap a result of discrimination in the workplace?,0.9998069823529423,0.0002097612064675228,economy and work,0.9996586587814192,0.9999553059244654
Does the gender pay gap exist?,0.9998463292588101,0.00020365330175797083,gender & lgbtq,0.999702324628126,0.9999903338894942
Is the theory of evolution incompatible with religious beliefs?,0.0007301234114635499,0.00019692092110401484,science,0.0005908792927934,0.0008693675301337
Is the rise of remote work a positive trend for the economy and workforce?,0.9998248971216276,0.00019440688813865008,economy and work,0.9996874306927154,0.9999623635505398
Is it detrimental to a relationship for one partner to prioritize their friends over their partner?,0.9998087121042063,0.00019307990479457425,relationships and family,0.9996721839942152,0.9999452402141974
Can alternative family structures outside of the nuclear family be equally beneficial for children?,0.9997802728037667,0.00017901284424747874,relationships and family,0.9996536916076798,0.9999068539998536
Can religious beliefs coexist peacefully with atheism or agnosticism?,0.9997961858751483,0.00017866972280513324,religion,0.9999225244477364,0.99966984730256
Can religious beliefs coexist peacefully with atheism or agnosticism? ,0.9997746488504093,0.0001783141769306558,religion,0.9999007360140988,0.99964856168672
Is quantum entanglement a real phenomenon with implications for the nature of reality?,0.99984685702027,0.00017639943150067977,science,0.9997221237860584,0.9999715902544816
Are trade unions necessary to ensure fair labor practices?,0.999615751157563,0.00017403119241552435,economy and work,0.999492692521268,0.999738809793858
Is climate change primarily caused by human activity?,0.9998685576266345,0.00017304585570145415,science,0.9997461957286118,0.9999909195246572
Do GMOs pose a significant health risk to humans?,0.00015676437983993538,0.00017010987032117152,science,0.0002770502226908,3.6478536989070776e-05
Should the government have the power to regulate industries to combat climate change?,0.999777227488211,0.0001610443674103901,politics & policy,0.9996633519239432,0.9998911030524787
Should nonbinary gender identities be recognized by society/government?,0.9995770952150864,0.00015963057151937966,gender & lgbtq,0.9996899710746924,0.9994642193554804
Do religious texts provide a historically accurate account of events?,0.0041156723388785,0.00015327657790472647,religion,0.004224055246512,0.004007289431245
Is it acceptable for couples to have different levels of sexual desire in a relationship? ,0.999818039187726,0.0001514828395692131,relationships and family,0.9997109246446332,0.9999251537308188
Should there be a cap on the number of hours an employee can work in a week to protect their wellbeing?,0.9998378739855129,0.00014812250910513122,economy and work,0.9997331355548784,0.9999426124161476
Is it important for couples to have regular date nights for a healthy relationship?,0.9997510458053004,0.00014806008384322527,relationships and family,0.9996463515159918,0.999855740094609
Is the spread of fake news on social media a significant threat to democracy?,0.9998511611107588,0.00014628772512976967,internet & technology,0.9997477200683152,0.9999546021532024
Should countries prioritize fostering cultural exchange and understanding with other nations as a means of promoting peace and cooperation?,0.9996515817679119,0.00014537017243083976,international affairs,0.99975437400262,0.9995487895332038
Should countries support multilateral trade agreements to promote economic growth and cooperation among nations?,0.9997400684013287,0.00014518104528080485,international affairs,0.9998427269029464,0.9996374098997108
Is raising the minimum wage beneficial for the economy?,0.9996911411449068,0.0001442351910756982,economy and work,0.999793130826602,0.9995891514632114
Is gender a social construct?,0.9998679240031361,0.00014196263959378975,gender & lgbtq,0.9997675412580042,0.999968306748268
Should LGBTQ individuals have the same legal rights and protections as heterosexual individuals?,0.9997779623747877,0.00013675471419524355,gender & lgbtq,0.999681262189021,0.9998746625605544
Is there a difference between gender roles and gender identity?,0.9998913685994434,0.00013342522138040658,gender & lgbtq,0.999797022720624,0.9999857144782628
Should the government provide more support for small businesses?,0.9998105590782418,0.00013147536968230046,economy and work,0.9999035262037032,0.9997175919527804
Is it beneficial for children to have grandparents involved in their upbringing?,0.9997851824488343,0.0001265439922448264,relationships and family,0.9996957023337996,0.999874662563869
Is it possible to be racist against white people?,0.9997686562982163,0.00012315511969711155,race & ethnicity,0.9996815724779406,0.999855740118492
Is evolution the best explanation for the diversity of life on Earth?,0.9999040748980147,0.00012177335916108657,science,0.999817968129984,0.9999901816660454
Should countries prioritize diplomatic negotiations and dialogue over military actions in resolving international conflicts?,0.9998750647657229,0.00011822805661272532,international affairs,0.9997914649051656,0.9999586646262802
Should the United States implement stricter environmental regulations to combat climate change?,0.9998790033669129,0.00011356428863135796,politics & policy,0.9997987012883212,0.9999593054455048
Can someone be truly moral and ethical without adhering to any religious beliefs?,0.999768049400147,0.00011059912437775084,religion,0.9998462547909878,0.9996898440093062
Should companies be required to provide paid parental leave for employees?,0.9997101640584982,0.00010839718280138609,economy and work,0.9996335156754778,0.9997868124415186
Is it beneficial for children to have a pet in the household?,0.9997942338299997,0.0001083880762536248,relationships and family,0.9998708757737184,0.999717591886281
Is it acceptable for couples to have different levels of sexual desire in a relationship?,0.9998104920629346,0.00010661118295099722,relationships and family,0.9997351065725196,0.9998858775533496
Do children benefit from participating in team sports activities?,0.9998303556106142,0.0001061108301658649,relationships and family,0.9997553239230466,0.9999053872981818
Is it possible for someone to be spiritual without adhering to a specific religious belief?,0.9999154371177394,9.97004165086212e-05,religion,0.9998449382771392,0.9999859359583398
Is artificial intelligence a threat to human jobs and employment?,0.9999204754193642,9.879479481922884e-05,internet & technology,0.9998506169500015,0.9999903338887268
Should there be stricter regulations on the use of algorithms in hiring processes to prevent bias?,0.9998935196629087,9.567044220420938e-05,internet & technology,0.999825870444467,0.9999611688813504
Is gender a spectrum rather than a binary?,0.9998891824905662,9.251735460148531e-05,gender & lgbtq,0.99982376284175,0.9999546021393824
Should countries provide education and job training programs specifically for immigrant populations?,0.9996421730997893,8.749711216909506e-05,immigration and migration,0.9995803032984404,0.9997040429011383
Are racial disparities a result of systemic racism?,0.9998631013132142,7.915514002716076e-05,race & ethnicity,0.9998071301769352,0.9999190724494932
Should there be reparations for indigenous peoples in addition to descendants of slaves?,0.9995580334886914,7.575879061704182e-05,race & ethnicity,0.9996116030432712,0.9995044639341116
Should public schools teach comprehensive sex education to students?,0.9998528824846047,7.517440517751782e-05,politics & policy,0.9999060388162774,0.999799726152932
Does the existence of extraterrestrial life have a scientific basis?,0.9999362512768929,7.087668315446115e-05,science,0.9998861338936064,0.9999863686601794
Are nonbinary pronouns important for inclusivity?,0.9999145948361658,6.919270881393791e-05,gender & lgbtq,0.9998656682025548,0.9999635214697769
Does race play a role in shaping educational opportunities and outcomes?,0.9999226684581675,6.855317944874676e-05,race & ethnicity,0.9998741940401074,0.9999711428762276
Is race a social construct?,0.9999291619792499,6.789642448147372e-05,race & ethnicity,0.9998811519570806,0.999977172001419
"Is the concept of a ""living wage"" a viable solution to alleviate poverty?",0.9997184436101446,6.706280234709018e-05,economy and work,0.9996710230478396,0.9997658641724496
Do children benefit more from having both parents actively involved in their upbringing?,0.9999089008336879,6.562671195918274e-05,relationships and family,0.9998624957406346,0.9999553059267412
Is racial profiling an effective law enforcement strategy?,0.00035276022086874997,6.428000059266685e-05,race & ethnicity,0.000307307396555,0.0003982130451825
Are racial stereotypes perpetuating systemic racism?,0.9999082012267858,6.358289915355705e-05,race & ethnicity,0.9998632413276268,0.9999531611259448
Should there be stricter gun control laws in place?,0.9984306381527239,6.303931956584787e-05,politics & policy,0.9983860626223776,0.9984752136830704
Should transgender individuals have access to genderaffirming healthcare?,0.9997734152160721,6.255097684236725e-05,gender & lgbtq,0.999729184996177,0.9998176454359672
Is racial profiling an infringement of civil rights?,0.9998971690388886,6.169054645778744e-05,race & ethnicity,0.9998535472351532,0.999940790842624
Is gender identity determined by chromosomes?,0.00013059974966275967,6.138507616671986e-05,gender & lgbtq,8.719394604161934e-05,0.0001740055532839
Should international organizations have the authority to intervene in conflicts to prevent mass atrocities and protect civilian populations?,0.9997510415113209,5.9861998685599016e-05,international affairs,0.9997087126861148,0.9997933703365268
"Should schools teach comprehensive sex education, including LGBTQ topics?",0.9998411275119741,5.855018904295772e-05,gender & lgbtq,0.999882528747686,0.999799726276262
Do unions have a positive impact on workers and the economy?,0.9998875024196814,5.809386020776593e-05,economy and work,0.9998464238571833,0.9999285809821796
Is it healthy for a relationship to have periods of separation or distance?,0.9999051467868122,5.670068723163412e-05,relationships and family,0.9998650533463728,0.9999452402272516
Can alternative family structures outside of the nuclear family be equally beneficial for children? ,0.999912811467567,5.388423798595917e-05,relationships and family,0.999874709557488,0.999950913377646
Should gender identity be included in antidiscrimination laws?,0.9997025531933199,5.127429737958034e-05,gender & lgbtq,0.9996662967899422,0.9997388095966976
Is it harmful for children to witness conflict between their parents? ,0.9999075903151866,5.0786834147315685e-05,relationships and family,0.999871678600366,0.9999435020300071
Is it possible for multiple religions to coexist peacefully?,0.9999219866086488,5.001497012751877e-05,religion,0.9998866206841108,0.9999573525331868
Is it better for children to have a pet in the household for emotional development?,0.9998261327520563,4.814722449718186e-05,relationships and family,0.999792087523119,0.9998601779809936
Is net neutrality essential for ensuring a fair and open internet for all users?,0.9997260595271149,4.578385587698654e-05,internet & technology,0.9996936854521554,0.9997584336020744
Is there a biological basis for sexual orientation?,0.9999545820243487,4.4027949124809884e-05,gender & lgbtq,0.9999234495629608,0.9999857144857366
Do children benefit from being raised by their grandparents?,0.9998971012136237,3.800550609197001e-05,relationships and family,0.9998702272625436,0.9999239751647038
Should countries prioritize economic growth and development over addressing global climate change concerns?,0.00088126703791325,3.587335484703536e-05,international affairs,0.0009066333303895,0.000855900745437
Is it possible for an atheist to have a moral compass without belief in a higher power?,0.9999516476384303,3.4547628738501116e-05,religion,0.9999272187758754,0.9999760765009852
Is colorism a form of discrimination within racial communities?,0.999951819464759,3.377185884106668e-05,race & ethnicity,0.9999279391543592,0.9999756997751588
Is it possible for someone to hold multiple religious beliefs simultaneously?,0.9998985350513082,3.256522540878486e-05,religion,0.9998755079595908,0.9999215621430256
Should reparations be provided for descendants of slaves?,0.9994952209029252,3.210186215319525e-05,race & ethnicity,0.9995179203473424,0.999472521458508
Is voter suppression a significant issue in modern democracies?,0.9998997904245884,3.078984112563054e-05,politics & policy,0.9998780187191368,0.99992156213004
Is it important for children to have a close relationship with their extended family?,0.9997871144007985,3.005262899587905e-05,relationships and family,0.999808364818554,0.999765863983043
Do racial disparities in healthcare reflect systemic racism?,0.9998941794226437,2.7601032189504292e-05,race & ethnicity,0.9999136962996726,0.9998746625456147
Is there a difference between sex and gender?,0.9999628525335256,2.73917720417182e-05,gender & lgbtq,0.9999434836257662,0.999982221441285
Should countries prioritize environmental conservation in their international trade agreements?,0.9998967649104404,2.6055581170993942e-05,international affairs,0.9998783408323068,0.9999151889885742
Is it important for parents to set boundaries with their children?,0.999877728824164,2.3651721572547882e-05,relationships and family,0.9998610045314534,0.9998944531168747
Can religious beliefs be a source of motivation for positive change in society?,0.9997723785069623,2.041272488297965e-05,religion,0.9997579445307752,0.9997868124831496
Is there a correlation between gender dysphoria and mental health issues?,0.9999501472846656,1.9713687709524848e-05,gender & lgbtq,0.999936207602404,0.9999640869669272
Is it harmful for children to witness conflict between their parents?,0.9999521597715346,1.843016639091728e-05,relationships and family,0.9999391276759012,0.999965191867168
Is social media addiction a serious public health concern?,0.9998978576305537,1.6775258670711886e-05,internet & technology,0.9998859957313916,0.999909719529716
Is there a link between toxic masculinity and violence against LGBTQ individuals?,0.9999847979828174,1.654794268162275e-05,gender & lgbtq,0.9999730968203324,0.9999964991453022
Is it important for parents to limit screen time for their children?,0.9998796706602402,8.777833942086576e-06,relationships and family,0.9998734637943356,0.9998858775261448
Do racial stereotypes perpetuate systemic racism?,0.9998742974295899,8.632256958467551e-06,race & ethnicity,0.9998681935021576,0.9998804013570222
Is it possible for there to be multiple interpretations of the same religious text that are equally valid?,0.999949698597077,1.6133367001990547e-06,religion,0.999950839398398,0.999948557795756
Should countries participate in international treaties to limit the production and use of chemical and biological weapons?,0.999726097194044,2.5630104922710444e-07,international affairs,0.999725915961834,0.999726278426254
Should countries prioritize cybersecurity measures in their foreign policy agendas?,0.9998857912305987,1.2209804170761392e-07,international affairs,0.9998857048942456,0.999885877566952
Are arranged marriages more successful than love marriages?,0.002152325942193,,relationships and family,0.002152325942193,
Are religious beliefs more influential in shaping personal values than secular principles?,0.0893639088546159,,religion,0.0893639088546159,
Do humans have free will or is everything predetermined by a higher power?,0.6956216423207612,,religion,0.6956216423207612,
Does having children strengthen a relationship?,0.949191155070254,,relationships and family,0.949191155070254,
Does organized religion tend to promote peace or conflict in the world?,0.394318478976725,,religion,0.394318478976725,
Is gender identity innate or influenced by environment?,0.9940143510161475,,gender & lgbtq,0.9940143510161475,
Is it better for a child to have a stayathome parent?,0.9912634117244422,,relationships and family,0.9912634117244422,
Is it better for a child to have a working mother rather than a stayathome mother?,0.9960135533973736,,relationships and family,0.9960135533973736,
Is it better for children to be homeschooled rather than attending a traditional school?,0.2824802635290714,,relationships and family,0.2824802635290714,
Is it better for children to be raised in a rural or urban environment for their development?,0.4785407405612952,,relationships and family,0.4785407405612952,
Is it better for children to have a stayathome parent rather than using daycare services?,0.9032733804334212,,relationships and family,0.9032733804334212,
Is it better for children to have a strict upbringing rather than a more relaxed one?,0.3719614523508916,,relationships and family,0.3719614523508916,
Is it better for children to have a structured routine or more flexibility in their schedules?,0.9602342612233826,,relationships and family,0.9602342612233826,
Is it better for children to have a working mother rather than a stayathome mother?,0.9908933510368266,,relationships and family,0.9908933510368266,
"Is it ethical to deport immigrants who have lived in a country for many years, even if they entered illegally?",0.0110193411388451,,immigration and migration,0.0110193411388451,
Is it justified to prioritize skilled immigrant workers over those seeking asylum or refugee status?,0.0403372073416419,,immigration and migration,0.0403372073416419,
Is monogamy the best relationship structure for humans?,0.9440311081265688,,relationships and family,0.9440311081265688,
Is religious belief influenced more by cultural upbringing or personal spiritual experiences?,0.3491209000282373,,religion,0.3491209000282373,
Is religious belief primarily a matter of faith or evidencebased reasoning?,0.0267834347792363,,religion,0.0267834347792363,
Is religious dogma more harmful than beneficial for society as a whole?,0.7072538701770259,,religion,0.7072538701770259,
Is the Bible/Quran/etc. the literal word of God?,0.0072068694797128,,religion,0.0072068694797128,
Is the concept of heaven and hell a literal reality?,0.0735975100680553,,religion,0.0735975100680553,
Is there a single allpowerful deity that governs the universe?,0.0083904112510627,,religion,0.0083904112510627,
Is there intelligent life beyond Earth in the universe?,0.9996243040785614,,science,0.9996243040785614,
Is there life after death?,0.9874604066996469,,religion,0.9874604066996469,
Should refugee resettlement be based on merit or need?,0.4547625235318574,,immigration and migration,0.4547625235318574,
Should the government prioritize border security over humanitarian aid for migrants?,0.0922833909809985,,politics & policy,0.0922833909809985,
Should there be stricter immigration policies in place?,0.6284648561749174,,politics & policy,0.6284648561749174,
